[
  {
    "uid": 482342947,
    "roomid": 1947172740,
    "protover": 3,
    "buvid": "3CBB5B30-0287-6B57-7BEA-D85704C877C307296infoc",
    "platform": "web",
    "type": 2,
    "key": "Eb0IKsqFX55QjBVD9hc2vflnMpd3rf1ZjKuyZN8H8iC352FYmCeX7OeS8h_LNuoUGKiSpXY19CUT0Ylgbldv-8dugl3z_vAnf_5bhpRtafwoIfcnLGIbQPSlh7Vajt0EQOUGTDpuBmv6RfFvtGjwexawb95X2vvrjBwrqEHMZ6nCPo_6Og8UPYSVibsZap2uBg=="
  },
  {
    "code": 0,
    "message": "0",
    "ttl": 1,
    "data": {
      "group": "live",
      "business_id": 0,
      "refresh_row_factor": 0.125,
      "refresh_rate": 100,
      "max_delay": 5000,
      "token": "FGGY5PkuekXwQujMfmh1DcksHWJvNCS4w8m8bZokxwF2WMv0je3O3hb3I_C6bl0KLFZR2mLjrnq2lh0G9N85Q79ZXjkDveB8lpcTKdEPIX-Tk0oanQVUCEYR5UFlZa60wbTJYcUBtK0fJNP_lffqktp16FQ4u6G1PTvWKU7P8Fmy-30f9BKdXg==",
      "host_list": [
        {
          "host": "zj-cn-live-comet.chat.bilibili.com",
          "port": 2243,
          "wss_port": 2245,
          "ws_port": 2244
        },
        {
          "host": "zj-cn-live-comet.chat.bilibili.com",
          "port": 2243,
          "wss_port": 2245,
          "ws_port": 2244
        },
        {
          "host": "hw-bj-live-comet-06.chat.bilibili.com",
          "port": 2243,
          "wss_port": 2245,
          "ws_port": 2244
        },
        {
          "host": "ali-sh-live-comet-18.chat.bilibili.com",
          "port": 2243,
          "wss_port": 2245,
          "ws_port": 2244
        },
        {
          "host": "broadcastlv.chat.bilibili.com",
          "port": 2243,
          "wss_port": 2245,
          "ws_port": 2244
        }
      ]
    }
  }
]